{"Antenna": [{"LongLabel": "8-Ball", "ID": "1"}, {"LongLabel": "Dollar Sign", "ID": "3"}, {"LongLabel": "Gingerbread Man", "ID": "5"}, {"LongLabel": "(Beta Reward) Gold Nugget", "ID": "6"}, {"LongLabel": "Heart", "ID": "7"}, {"LongLabel": "Horseshoe", "ID": "8"}, {"LongLabel": "Lightning Bolt", "ID": "9"}, {"LongLabel": "Peace", "ID": "11"}, {"LongLabel": "Planetoid", "ID": "12"}, {"LongLabel": "Skull", "ID": "13"}, {"LongLabel": "Smiley", "ID": "14"}, {"LongLabel": "Snowman", "ID": "15"}, {"LongLabel": "Soccer Ball", "ID": "16"}, {"LongLabel": "Star", "ID": "17"}, {"LongLabel": "Tennis Ball", "ID": "19"}, {"LongLabel": "UFO", "ID": "20"}, {"LongLabel": "Algeria", "ID": "124"}, {"LongLabel": "Argentina", "ID": "125"}, {"LongLabel": "Australia", "ID": "126"}, {"LongLabel": "Austria", "ID": "127"}, {"LongLabel": "Belgium", "ID": "128"}, {"LongLabel": "Bosnia and Herzegovina", "ID": "129"}, {"LongLabel": "Brazil", "ID": "130"}, {"LongLabel": "Bulgaria", "ID": "131"}, {"LongLabel": "Cameroon", "ID": "132"}, {"LongLabel": "Canada", "ID": "133"}, {"LongLabel": "Cape Verde Islands", "ID": "134"}, {"LongLabel": "Chile", "ID": "135"}, {"LongLabel": "China", "ID": "136"}, {"LongLabel": "Colombia", "ID": "137"}, {"LongLabel": "Congo", "ID": "138"}, {"LongLabel": "Costa Rica", "ID": "139"}, {"LongLabel": "Croatia", "ID": "140"}, {"LongLabel": "Cyprus", "ID": "141"}, {"LongLabel": "Czech Republic", "ID": "142"}, {"LongLabel": "Denmark", "ID": "143"}, {"LongLabel": "Ecuador", "ID": "144"}, {"LongLabel": "El Salvador", "ID": "145"}, {"LongLabel": "England", "ID": "146"}, {"LongLabel": "Equatorial Guinea", "ID": "147"}, {"LongLabel": "Finland", "ID": "148"}, {"LongLabel": "France", "ID": "149"}, {"LongLabel": "Germany", "ID": "150"}, {"LongLabel": "Ghana", "ID": "151"}, {"LongLabel": "Greece", "ID": "152"}, {"LongLabel": "Guatemala", "ID": "153"}, {"LongLabel": "Guinea", "ID": "154"}, {"LongLabel": "Honduras", "ID": "155"}, {"LongLabel": "Hong Kong", "ID": "156"}, {"LongLabel": "Hungary", "ID": "157"}, {"LongLabel": "Iceland", "ID": "158"}, {"LongLabel": "India", "ID": "159"}, {"LongLabel": "Indonesia", "ID": "160"}, {"LongLabel": "Iran", "ID": "161"}, {"LongLabel": "Ireland", "ID": "162"}, {"LongLabel": "Israel", "ID": "163"}, {"LongLabel": "Italy", "ID": "164"}, {"LongLabel": "C\u00f4te d'Ivoire", "ID": "165"}, {"LongLabel": "Jamaica", "ID": "166"}, {"LongLabel": "Japan", "ID": "167"}, {"LongLabel": "Kenya", "ID": "168"}, {"LongLabel": "Luxembourg", "ID": "169"}, {"LongLabel": "Malaysia", "ID": "170"}, {"LongLabel": "Malta", "ID": "171"}, {"LongLabel": "Mexico", "ID": "172"}, {"LongLabel": "Netherlands", "ID": "173"}, {"LongLabel": "New Zealand", "ID": "174"}, {"LongLabel": "Nicaragua", "ID": "175"}, {"LongLabel": "Nigeria", "ID": "176"}, {"LongLabel": "Northern Ireland", "ID": "177"}, {"LongLabel": "Norway", "ID": "178"}, {"LongLabel": "Pakistan", "ID": "179"}, {"LongLabel": "Panama", "ID": "180"}, {"LongLabel": "Peru", "ID": "181"}, {"LongLabel": "Philippines", "ID": "182"}, {"LongLabel": "Poland", "ID": "183"}, {"LongLabel": "Portugal", "ID": "184"}, {"LongLabel": "Romania", "ID": "185"}, {"LongLabel": "Russia", "ID": "186"}, {"LongLabel": "Scotland", "ID": "187"}, {"LongLabel": "Senegal", "ID": "188"}, {"LongLabel": "Serbia", "ID": "189"}, {"LongLabel": "Singapore", "ID": "190"}, {"LongLabel": "Slovakia", "ID": "191"}, {"LongLabel": "Slovenia", "ID": "192"}, {"LongLabel": "South Africa", "ID": "193"}, {"LongLabel": "South Korea", "ID": "194"}, {"LongLabel": "Spain", "ID": "195"}, {"LongLabel": "Sweden", "ID": "196"}, {"LongLabel": "Switzerland", "ID": "197"}, {"LongLabel": "Chinese Taipei", "ID": "198"}, {"LongLabel": "Thailand", "ID": "199"}, {"LongLabel": "Tunisia", "ID": "200"}, {"LongLabel": "Turkey", "ID": "201"}, {"LongLabel": "United Arab Emirates", "ID": "202"}, {"LongLabel": "United Kingdom", "ID": "203"}, {"LongLabel": "Ukraine", "ID": "204"}, {"LongLabel": "Uruguay", "ID": "205"}, {"LongLabel": "United States", "ID": "206"}, {"LongLabel": "Venezuela", "ID": "207"}, {"LongLabel": "Vietnam", "ID": "208"}, {"LongLabel": "Wales", "ID": "209"}, {"LongLabel": "Yemen", "ID": "210"}, {"LongLabel": "Blacklight: Retribution", "ID": "211"}, {"LongLabel": "Edge Of Space", "ID": "213"}, {"LongLabel": "Fenix Rage", "ID": "216"}, {"LongLabel": "Jolly Roger", "ID": "217"}, {"LongLabel": "Shadowgate", "ID": "218"}, {"LongLabel": "Strike Vector EX", "ID": "219"}, {"LongLabel": "Team Fat", "ID": "220"}, {"LongLabel": "Twitch", "ID": "221"}, {"LongLabel": "Unreal", "ID": "222"}, {"LongLabel": "Warframe", "ID": "223"}, {"LongLabel": "Country Flags", "ID": "265"}, {"LongLabel": "Blue Chequered Flag", "ID": "284"}, {"LongLabel": "Camo Flag", "ID": "285"}, {"LongLabel": "Safety Flag", "ID": "286"}, {"LongLabel": "Psyonix", "ID": "287"}, {"LongLabel": "Blacklight", "ID": "385"}, {"LongLabel": "Sri Lanka", "ID": "389"}, {"LongLabel": "Dave's Bread", "ID": "391"}, {"LongLabel": "Chick Magnet", "ID": "392"}, {"LongLabel": "Cupcake", "ID": "393"}, {"LongLabel": "Disconnect", "ID": "394"}, {"LongLabel": "Donut", "ID": "395"}, {"LongLabel": "Eyeball", "ID": "396"}, {"LongLabel": "Unreal Tournament - Flak Shell", "ID": "397"}, {"LongLabel": "Foam Finger", "ID": "398"}, {"LongLabel": "Giant Panda", "ID": "399"}, {"LongLabel": "Pi\u00f1ata", "ID": "400"}, {"LongLabel": "Waffle", "ID": "401"}, {"LongLabel": "Afghanistan", "ID": "407"}, {"LongLabel": "Albania", "ID": "408"}, {"LongLabel": "American Samoa", "ID": "409"}, {"LongLabel": "Angola", "ID": "410"}, {"LongLabel": "Armenia", "ID": "411"}, {"LongLabel": "Azerbaijan", "ID": "412"}, {"LongLabel": "Bangladesh", "ID": "413"}, {"LongLabel": "Belarus", "ID": "414"}, {"LongLabel": "Benin", "ID": "415"}, {"LongLabel": "Bolivia", "ID": "416"}, {"LongLabel": "Burkina Faso", "ID": "417"}, {"LongLabel": "Burma", "ID": "418"}, {"LongLabel": "Burundi", "ID": "419"}, {"LongLabel": "Cambodia", "ID": "420"}, {"LongLabel": "Chad", "ID": "422"}, {"LongLabel": "Congo DR", "ID": "423"}, {"LongLabel": "Cuba", "ID": "424"}, {"LongLabel": "Dominican Republic", "ID": "425"}, {"LongLabel": "Egypt", "ID": "426"}, {"LongLabel": "Eritrea", "ID": "427"}, {"LongLabel": "Estonia", "ID": "428"}, {"LongLabel": "Ethiopia", "ID": "429"}, {"LongLabel": "Gabon", "ID": "430"}, {"LongLabel": "Georgia", "ID": "431"}, {"LongLabel": "Guam", "ID": "432"}, {"LongLabel": "Haiti", "ID": "433"}, {"LongLabel": "Iraq", "ID": "434"}, {"LongLabel": "Jordan", "ID": "435"}, {"LongLabel": "Kazakhstan", "ID": "436"}, {"LongLabel": "Kuwait", "ID": "437"}, {"LongLabel": "Kyrgyzstan", "ID": "438"}, {"LongLabel": "Laos", "ID": "439"}, {"LongLabel": "Latvia", "ID": "440"}, {"LongLabel": "Lebanon", "ID": "441"}, {"LongLabel": "Liberia", "ID": "442"}, {"LongLabel": "Libya", "ID": "443"}, {"LongLabel": "Lithuania", "ID": "444"}, {"LongLabel": "Macedonia", "ID": "445"}, {"LongLabel": "Madagascar", "ID": "446"}, {"LongLabel": "Malawi", "ID": "447"}, {"LongLabel": "Mali", "ID": "448"}, {"LongLabel": "Mauritania", "ID": "449"}, {"LongLabel": "Moldova", "ID": "450"}, {"LongLabel": "Mongolia", "ID": "451"}, {"LongLabel": "Montenegro", "ID": "452"}, {"LongLabel": "Morocco", "ID": "453"}, {"LongLabel": "Mozambique", "ID": "454"}, {"LongLabel": "North Mariana Islands", "ID": "456"}, {"LongLabel": "Namibia", "ID": "457"}, {"LongLabel": "Nepal", "ID": "458"}, {"LongLabel": "Republic of Niger", "ID": "459"}, {"LongLabel": "North Korea", "ID": "460"}, {"LongLabel": "Oman", "ID": "461"}, {"LongLabel": "Palestine", "ID": "462"}, {"LongLabel": "Papua New Guinea", "ID": "463"}, {"LongLabel": "Paraguay", "ID": "464"}, {"LongLabel": "Puerto Rico", "ID": "465"}, {"LongLabel": "Qatar", "ID": "466"}, {"LongLabel": "Rwanda", "ID": "467"}, {"LongLabel": "Saudi Arabia", "ID": "468"}, {"LongLabel": "Sierra Leone", "ID": "469"}, {"LongLabel": "Somalia", "ID": "470"}, {"LongLabel": "South Sudan", "ID": "471"}, {"LongLabel": "Sudan", "ID": "472"}, {"LongLabel": "Syria", "ID": "473"}, {"LongLabel": "Tajikistan", "ID": "474"}, {"LongLabel": "Tanzania", "ID": "475"}, {"LongLabel": "Togo", "ID": "476"}, {"LongLabel": "Trinidad and Tobago", "ID": "477"}, {"LongLabel": "Turkmenistan", "ID": "478"}, {"LongLabel": "Uganda", "ID": "479"}, {"LongLabel": "US Virgin Islands", "ID": "480"}, {"LongLabel": "Uzbekistan", "ID": "481"}, {"LongLabel": "Zambia", "ID": "482"}, {"LongLabel": "Zimbabwe", "ID": "483"}, {"LongLabel": "Unreal Tournament - Blue", "ID": "484"}, {"LongLabel": "Unreal Frag Center", "ID": "485"}, {"LongLabel": "Unreal Tournament - Red", "ID": "486"}, {"LongLabel": "Unreal Tournament (Classic)", "ID": "487"}, {"LongLabel": "Unreal Tournament 2004", "ID": "488"}, {"LongLabel": "Unreal Tournament", "ID": "489"}, {"LongLabel": "Rainbow Flag", "ID": "490"}, {"LongLabel": "White Flag", "ID": "491"}, {"LongLabel": "Community Flags", "ID": "496"}, {"LongLabel": "Gassy Mexican", "ID": "511"}, {"LongLabel": "LIRIK", "ID": "513"}, {"LongLabel": "Spooky1611", "ID": "514"}, {"LongLabel": "Team PowA", "ID": "515"}, {"LongLabel": "YouTube Gaming", "ID": "516"}, {"LongLabel": "Central Africa Republic", "ID": "520"}, {"LongLabel": "Moai", "ID": "522"}, {"LongLabel": "Chivalry - Agatha Knights", "ID": "525"}, {"LongLabel": "Chivalry - Mason Order", "ID": "526"}, {"LongLabel": "Community", "ID": "527"}, {"LongLabel": "Moderator", "ID": "528"}, {"LongLabel": "(Reward) Linguist", "ID": "530"}, {"LongLabel": "Anne Munition", "ID": "531"}, {"LongLabel": "EMD1", "ID": "532"}, {"LongLabel": "itmeJP", "ID": "533"}, {"LongLabel": "Saudi Gamer", "ID": "534"}, {"LongLabel": "The Attack", "ID": "535"}, {"LongLabel": "ESL", "ID": "536"}, {"LongLabel": "ESL Champ", "ID": "537"}, {"LongLabel": "MLG", "ID": "538"}, {"LongLabel": "Tourney Champ", "ID": "539"}, {"LongLabel": "Video Games", "ID": "543"}, {"LongLabel": "Angry Army", "ID": "548"}, {"LongLabel": "Bahrain", "ID": "550"}, {"LongLabel": "Belize", "ID": "551"}, {"LongLabel": "Bhutan", "ID": "552"}, {"LongLabel": "Botswana", "ID": "553"}, {"LongLabel": "Comoros", "ID": "554"}, {"LongLabel": "Djibouti", "ID": "555"}, {"LongLabel": "East Timor", "ID": "556"}, {"LongLabel": "Fiji", "ID": "557"}, {"LongLabel": "Gambia", "ID": "558"}, {"LongLabel": "Guinea Bissau", "ID": "559"}, {"LongLabel": "Guyana", "ID": "560"}, {"LongLabel": "Kosovo", "ID": "561"}, {"LongLabel": "Lesotho", "ID": "562"}, {"LongLabel": "Macau", "ID": "563"}, {"LongLabel": "Mauritius", "ID": "564"}, {"LongLabel": "Puntland", "ID": "565"}, {"LongLabel": "R\u00e9union", "ID": "566"}, {"LongLabel": "Solomon Islands", "ID": "567"}, {"LongLabel": "Somaliland", "ID": "568"}, {"LongLabel": "Suriname", "ID": "569"}, {"LongLabel": "Swaziland", "ID": "570"}, {"LongLabel": "Western Sahara", "ID": "571"}, {"LongLabel": "Serious Gaming", "ID": "572"}, {"LongLabel": "Razer", "ID": "573"}, {"LongLabel": "Calavera", "ID": "574"}, {"LongLabel": "Retro Ball - Urban", "ID": "575"}, {"LongLabel": "Retro Ball - Utopia", "ID": "576"}, {"LongLabel": "Retro Ball - Wasteland", "ID": "577"}, {"LongLabel": "Fuzzy Brute", "ID": "593"}, {"LongLabel": "Fuzzy Vamp", "ID": "595"}, {"LongLabel": "Polaris", "ID": "608"}, {"LongLabel": "Achievement Hunter", "ID": "610"}, {"LongLabel": "Funhaus", "ID": "611"}, {"LongLabel": "Rooster Teeth", "ID": "612"}, {"LongLabel": "Bomb Pole", "ID": "614"}, {"LongLabel": "Radioactive", "ID": "615"}, {"LongLabel": "lolRenaynay", "ID": "628"}, {"LongLabel": "Reddit Snoo", "ID": "629"}, {"LongLabel": "Reddit", "ID": "630"}, {"LongLabel": "Oddworld - Necrum", "ID": "632"}, {"LongLabel": "Oddworld - RuptureFarms", "ID": "633"}, {"LongLabel": "RL Garage", "ID": "645"}, {"LongLabel": "Candy Cane", "ID": "649"}, {"LongLabel": "Holiday Gift", "ID": "650"}, {"LongLabel": "Day[9]TV", "ID": "654"}, {"LongLabel": "The Game Awards - Statue", "ID": "655"}, {"LongLabel": "Portal - Aperture Laboratories", "ID": "656"}, {"LongLabel": "Portal - Cake Sticker", "ID": "657"}, {"LongLabel": "PC Gamer", "ID": "667"}, {"LongLabel": "Fallout - Vault Boy", "ID": "673"}, {"LongLabel": "Oddworld - Abe", "ID": "678"}, {"LongLabel": "Oddworld - Molluck", "ID": "679"}, {"LongLabel": "Portal - Companion Cube", "ID": "681"}, {"LongLabel": "Warframe - Chroma", "ID": "682"}, {"LongLabel": "Warframe - Loki", "ID": "683"}, {"LongLabel": "Warframe - Excalibur", "ID": "684"}, {"LongLabel": "Portal - Wheatley", "ID": "686"}, {"LongLabel": "The Game Awards", "ID": "693"}, {"LongLabel": "Portal - PotatOS", "ID": "698"}, {"LongLabel": "Something Awful", "ID": "699"}, {"LongLabel": "Destructoid", "ID": "724"}, {"LongLabel": "Gamespot", "ID": "725"}, {"LongLabel": "Operation Sports", "ID": "726"}, {"LongLabel": "GoldGlove", "ID": "728"}, {"LongLabel": "Tonga", "ID": "730"}, {"LongLabel": "Gfinity", "ID": "732"}, {"LongLabel": "Witcher Medallion", "ID": "749"}, {"LongLabel": "Parrot", "ID": "750"}, {"LongLabel": "Balloon Dog", "ID": "752"}, {"LongLabel": "Alien", "ID": "753"}, {"LongLabel": "Rocket", "ID": "755"}, {"LongLabel": "Candle", "ID": "757"}, {"LongLabel": "Hula Girl", "ID": "762"}, {"LongLabel": "Rubber Duckie", "ID": "779"}, {"LongLabel": "deadmau5", "ID": "781"}, {"LongLabel": "Flower - Daisy", "ID": "783"}, {"LongLabel": "Flower - Orchid", "ID": "784"}, {"LongLabel": "Flower - Rose", "ID": "785"}, {"LongLabel": "Flower - Sunflower", "ID": "786"}, {"LongLabel": "Flower - Tulip", "ID": "787"}, {"LongLabel": "Venus Flytrap", "ID": "788"}, {"LongLabel": "Genie Lamp", "ID": "798"}, {"LongLabel": "9GAG", "ID": "799"}, {"LongLabel": "Disco Ball", "ID": "800"}, {"LongLabel": "IGN", "ID": "802"}, {"LongLabel": "Batman", "ID": "804"}, {"LongLabel": "Superman", "ID": "805"}, {"LongLabel": "Wonder Woman", "ID": "806"}, {"LongLabel": "NVIDIA GeForce GTX", "ID": "808"}, {"LongLabel": "Euro Truck Simulator Rig", "ID": "813"}, {"LongLabel": "AbleGamers", "ID": "814"}, {"LongLabel": "Panic Button", "ID": "829"}, {"LongLabel": "Andorra", "ID": "830"}, {"LongLabel": "Anguilla", "ID": "831"}, {"LongLabel": "Antigua & Barbuda", "ID": "832"}, {"LongLabel": "Aruba", "ID": "833"}, {"LongLabel": "Bahamas", "ID": "834"}, {"LongLabel": "Barbados", "ID": "835"}, {"LongLabel": "Bermuda", "ID": "836"}, {"LongLabel": "British Virgin Islands", "ID": "837"}, {"LongLabel": "Cayman Islands", "ID": "838"}, {"LongLabel": "Cook Islands", "ID": "839"}, {"LongLabel": "Curacao", "ID": "840"}, {"LongLabel": "Dominica", "ID": "841"}, {"LongLabel": "Falkland Islands", "ID": "842"}, {"LongLabel": "Faroe Islands", "ID": "843"}, {"LongLabel": "Gibraltar", "ID": "844"}, {"LongLabel": "Isle Of Man", "ID": "845"}, {"LongLabel": "Kiribati", "ID": "846"}, {"LongLabel": "Maldives", "ID": "847"}, {"LongLabel": "Marshall Islands", "ID": "848"}, {"LongLabel": "Micronesia", "ID": "849"}, {"LongLabel": "New Caledonia", "ID": "850"}, {"LongLabel": "Palau", "ID": "851"}, {"LongLabel": "Saint Kitts & Nevis", "ID": "852"}, {"LongLabel": "Saint Lucia", "ID": "853"}, {"LongLabel": "Saint Vincent", "ID": "854"}, {"LongLabel": "Samoa", "ID": "855"}, {"LongLabel": "San Marino", "ID": "856"}, {"LongLabel": "Sao Tome", "ID": "857"}, {"LongLabel": "Seychelles", "ID": "858"}, {"LongLabel": "Tahiti", "ID": "859"}, {"LongLabel": "Turks & Caicos", "ID": "860"}, {"LongLabel": "Vanuatu", "ID": "861"}, {"LongLabel": "Vatican City", "ID": "862"}, {"LongLabel": "Grenada", "ID": "863"}, {"LongLabel": "Montserrat", "ID": "864"}, {"LongLabel": "Goat Simulator - Goatenna", "ID": "867"}, {"LongLabel": "Rocket Beans TV", "ID": "869"}, {"LongLabel": "PAX", "ID": "916"}, {"LongLabel": "Penny Arcade", "ID": "917"}, {"LongLabel": "Div", "ID": "918"}, {"LongLabel": "Goat Simulator - G2", "ID": "927"}, {"LongLabel": "Worms W.M.D. Grenade", "ID": "1000"}, {"LongLabel": "Worms W.M.D", "ID": "1008"}, {"LongLabel": "Spartan Sam", "ID": "1169"}, {"LongLabel": "4Player Network", "ID": "1212"}, {"LongLabel": "Shacknews", "ID": "1213"}, {"LongLabel": "Atlanta Hawks", "ID": "1245"}, {"LongLabel": "Boston Celtics", "ID": "1246"}, {"LongLabel": "Brooklyn Nets", "ID": "1247"}, {"LongLabel": "Charlotte Hornets", "ID": "1248"}, {"LongLabel": "Chicago Bulls", "ID": "1249"}, {"LongLabel": "Cleveland Cavaliers", "ID": "1250"}, {"LongLabel": "Dallas Mavericks", "ID": "1251"}, {"LongLabel": "Denver Nuggets", "ID": "1252"}, {"LongLabel": "Detroit Pistons", "ID": "1253"}, {"LongLabel": "Golden State Warriors", "ID": "1254"}, {"LongLabel": "Houston Rockets", "ID": "1255"}, {"LongLabel": "Indiana Pacers", "ID": "1256"}, {"LongLabel": "Los Angeles Clippers", "ID": "1257"}, {"LongLabel": "Los Angeles Lakers", "ID": "1258"}, {"LongLabel": "Memphis Grizzlies", "ID": "1259"}, {"LongLabel": "Miami Heat", "ID": "1260"}, {"LongLabel": "Milwaukee Bucks", "ID": "1261"}, {"LongLabel": "Minnesota Timberwolves", "ID": "1262"}, {"LongLabel": "NBA", "ID": "1263"}, {"LongLabel": "New Orleans Pelicans", "ID": "1264"}, {"LongLabel": "New York Knicks", "ID": "1265"}, {"LongLabel": "Oklahoma City Thunder", "ID": "1266"}, {"LongLabel": "Orlando Magic", "ID": "1267"}, {"LongLabel": "Philadelphia 76ers", "ID": "1268"}, {"LongLabel": "Phoenix Suns", "ID": "1269"}, {"LongLabel": "Portland Trail Blazers", "ID": "1270"}, {"LongLabel": "Sacramento Kings", "ID": "1271"}, {"LongLabel": "San Antonio Spurs", "ID": "1272"}, {"LongLabel": "Toronto Raptors", "ID": "1273"}, {"LongLabel": "Utah Jazz", "ID": "1274"}, {"LongLabel": "Washington Wizards", "ID": "1275"}, {"LongLabel": "NBA Flags", "ID": "1277"}, {"LongLabel": "Dying Light", "ID": "1304"}, {"LongLabel": "Hot Dog", "ID": "1329"}, {"LongLabel": "ScrewAttack", "ID": "1331"}, {"LongLabel": "Headlander - Starcophagus", "ID": "1347"}, {"LongLabel": "Dying Light - Gas Tank", "ID": "1351"}, {"LongLabel": "Discord", "ID": "1454"}, {"LongLabel": "Fuzzy Skull", "ID": "1507"}, {"LongLabel": "Trident", "ID": "1508"}, {"LongLabel": "Seastar", "ID": "1516"}, {"LongLabel": "Harpoon", "ID": "1528"}, {"LongLabel": "RLCS", "ID": "1536"}, {"LongLabel": "SDMN FC", "ID": "1547"}, {"LongLabel": "Vikkstar", "ID": "1548"}, {"LongLabel": "Satellite", "ID": "1554"}, {"LongLabel": "Nutcracker", "ID": "1566"}, {"LongLabel": "NoClip", "ID": "1605"}, {"LongLabel": "NZXT", "ID": "1606"}, {"LongLabel": "Hot Wheels", "ID": "1639"}, {"LongLabel": "Treasure Hunt", "ID": "1640"}, {"LongLabel": "Easter Egg", "ID": "1676"}, {"LongLabel": "J!NX", "ID": "1846"}, {"LongLabel": "Loot Crate", "ID": "1847"}, {"LongLabel": "Monstercat", "ID": "1968"}, {"LongLabel": "Morty", "ID": "1982"}, {"LongLabel": "Rick", "ID": "1983"}, {"LongLabel": "X Games", "ID": "2026"}, {"LongLabel": "Lollipop", "ID": "2039"}, {"LongLabel": "Pinwheel", "ID": "2048"}, {"LongLabel": "Koinobori", "ID": "2049"}, {"LongLabel": "Cuckoo Clock", "ID": "2053"}, {"LongLabel": "Jon Sandman", "ID": "2061"}, {"LongLabel": "Woofless", "ID": "2062"}, {"LongLabel": "Macaron", "ID": "2075"}, {"LongLabel": "Peppermint", "ID": "2279"}, {"LongLabel": "Arachnotenna", "ID": "2352"}, {"LongLabel": "Shadow Witch", "ID": "2353"}, {"LongLabel": "Holiday Stocking", "ID": "2356"}, {"LongLabel": "NVIDIA SHIELD", "ID": "2673"}, {"LongLabel": "Dandelion Seed", "ID": "2726"}, {"LongLabel": "Brunei", "ID": "2759"}, {"LongLabel": "Monaco", "ID": "2760"}, {"LongLabel": "Nauru", "ID": "2761"}, {"LongLabel": "Tuvalu", "ID": "2762"}, {"LongLabel": "Mr. Toasty", "ID": "2828"}, {"LongLabel": "Monstercat", "ID": "2839"}, {"LongLabel": "WWE Monday Night RAW", "ID": "2860"}, {"LongLabel": "WWE NXT", "ID": "2861"}, {"LongLabel": "WWE", "ID": "2862"}, {"LongLabel": "WWE SmackDown Live!", "ID": "2863"}, {"LongLabel": "Uncaged Cat", "ID": "2864"}, {"LongLabel": "Instinct", "ID": "2868"}, {"LongLabel": "Pegboard Nerds", "ID": "2870"}, {"LongLabel": "Stonebank", "ID": "2871"}, {"LongLabel": "Uncaged", "ID": "2872"}, {"LongLabel": "WWE WrestleMania 34", "ID": "2873"}, {"LongLabel": "Bubble Wand", "ID": "2903"}, {"LongLabel": "Anna Yvette", "ID": "2905"}, {"LongLabel": "Intercom", "ID": "2906"}, {"LongLabel": "Koven", "ID": "2907"}, {"LongLabel": "Slippy", "ID": "2909"}, {"LongLabel": "Protostar", "ID": "2914"}, {"LongLabel": "Jurassic Park", "ID": "2920"}, {"LongLabel": "Jurassic World", "ID": "2921"}, {"LongLabel": "S. Watercolour", "ID": "2930"}, {"LongLabel": "InGen", "ID": "2932"}, {"LongLabel": "SARPBC-10", "ID": "2940"}, {"LongLabel": "Bad Computer", "ID": "2990"}, {"LongLabel": "Dion Timmer", "ID": "2991"}, {"LongLabel": "Duumu", "ID": "2992"}, {"LongLabel": "Stephen Walking", "ID": "2995"}, {"LongLabel": "Skyelle", "ID": "2997"}, {"LongLabel": "Sundial", "ID": "2998"}, {"LongLabel": "Inverness", "ID": "3029"}, {"LongLabel": "Soupandreas", "ID": "3030"}, {"LongLabel": "Aiobahn", "ID": "3052"}], "Body": [{"LongLabel": "Backfire", "ID": "21"}, {"LongLabel": "Breakout", "ID": "22"}, {"LongLabel": "Octane", "ID": "23"}, {"LongLabel": "Paladin", "ID": "24"}, {"LongLabel": "Road Hog", "ID": "25"}, {"LongLabel": "Gizmo", "ID": "26"}, {"LongLabel": "X-Devil", "ID": "28"}, {"LongLabel": "Hotshot", "ID": "29"}, {"LongLabel": "Merc", "ID": "30"}, {"LongLabel": "Venom", "ID": "31"}, {"LongLabel": "Takumi", "ID": "402"}, {"LongLabel": "Dominus", "ID": "403"}, {"LongLabel": "Scarab", "ID": "404"}, {"LongLabel": "Zippy", "ID": "523"}, {"LongLabel": "DeLorean Time Machine", "ID": "597"}, {"LongLabel": "Ripper", "ID": "600"}, {"LongLabel": "Grog", "ID": "607"}, {"LongLabel": "'16 Batmobile", "ID": "803"}, {"LongLabel": "Dominus GT", "ID": "1018"}, {"LongLabel": "X-Devil Mk2", "ID": "1159"}, {"LongLabel": "Masamune", "ID": "1171"}, {"LongLabel": "Marauder", "ID": "1172"}, {"LongLabel": "Aftershock", "ID": "1286"}, {"LongLabel": "Takumi RX-T", "ID": "1295"}, {"LongLabel": "Road Hog XL", "ID": "1300"}, {"LongLabel": "Esper", "ID": "1317"}, {"LongLabel": "Mystery Universal Decal", "ID": "1412"}, {"LongLabel": "Breakout Type-S", "ID": "1416"}, {"LongLabel": "Proteus", "ID": "1475"}, {"LongLabel": "Triton", "ID": "1478"}, {"LongLabel": "Vulcan", "ID": "1533"}, {"LongLabel": "Octane ZSR", "ID": "1568"}, {"LongLabel": "Twin Mill III", "ID": "1603"}, {"LongLabel": "Bone Shaker", "ID": "1623"}, {"LongLabel": "Endo", "ID": "1624"}, {"LongLabel": "Ice Charger", "ID": "1675"}, {"LongLabel": "Mantis", "ID": "1691"}, {"LongLabel": "J\u00e4ger 619 RS", "ID": "1856"}, {"LongLabel": "Imperator DT5", "ID": "1883"}, {"LongLabel": "Samurai", "ID": "1894"}, {"LongLabel": "Centio V17", "ID": "1919"}, {"LongLabel": "Animus GP", "ID": "1932"}, {"LongLabel": "Werewolf", "ID": "2070"}, {"LongLabel": "'70 Dodge Charger R/T", "ID": "2268"}, {"LongLabel": "'99 Nissan Skyline GT-R R34", "ID": "2269"}, {"LongLabel": "The Dark Knight Rises Tumbler", "ID": "2665"}, {"LongLabel": "'89 Batmobile", "ID": "2666"}, {"LongLabel": "Twinzer", "ID": "2853"}, {"LongLabel": "Jurassic Jeep\u00ae Wrangler", "ID": "2919"}, {"LongLabel": "Cyclone", "ID": "3031"}, {"LongLabel": "Mystery Item", "ID": "3138"}], "Rocket Boost": [{"LongLabel": "(Alpha Reward) Gold Rush", "ID": "32"}, {"LongLabel": "Bubbles", "ID": "33"}, {"LongLabel": "Confetti", "ID": "34"}, {"LongLabel": "Datastream", "ID": "35"}, {"LongLabel": "Flamethrower", "ID": "36"}, {"LongLabel": "Flamethrower Blue", "ID": "37"}, {"LongLabel": "Flamethrower Green", "ID": "38"}, {"LongLabel": "Flamethrower Pink", "ID": "39"}, {"LongLabel": "Flamethrower Purple", "ID": "40"}, {"LongLabel": "Flamethrower Red", "ID": "41"}, {"LongLabel": "Flowers", "ID": "42"}, {"LongLabel": "Grass", "ID": "43"}, {"LongLabel": "Sacred", "ID": "44"}, {"LongLabel": "Ion", "ID": "45"}, {"LongLabel": "Ion Green", "ID": "46"}, {"LongLabel": "Ion Pink", "ID": "47"}, {"LongLabel": "Ion Purple", "ID": "48"}, {"LongLabel": "Ion Red", "ID": "49"}, {"LongLabel": "Ion Yellow", "ID": "50"}, {"LongLabel": "Money", "ID": "51"}, {"LongLabel": "Plasma", "ID": "52"}, {"LongLabel": "Thermal", "ID": "53"}, {"LongLabel": "Thermal Blue", "ID": "54"}, {"LongLabel": "Thermal Green", "ID": "55"}, {"LongLabel": "Thermal Pink", "ID": "56"}, {"LongLabel": "Thermal Purple", "ID": "57"}, {"LongLabel": "Thermal Yellow", "ID": "58"}, {"LongLabel": "Rainbow", "ID": "59"}, {"LongLabel": "Slime", "ID": "60"}, {"LongLabel": "Snowflakes", "ID": "61"}, {"LongLabel": "Sparkles", "ID": "62"}, {"LongLabel": "Standard", "ID": "63"}, {"LongLabel": "Standard Blue", "ID": "64"}, {"LongLabel": "Standard Pink", "ID": "65"}, {"LongLabel": "Standard Purple", "ID": "66"}, {"LongLabel": "Standard Yellow", "ID": "67"}, {"LongLabel": "Hydro", "ID": "69"}, {"LongLabel": "Nitrous", "ID": "384"}, {"LongLabel": "Burnout", "ID": "387"}, {"LongLabel": "Lightning", "ID": "405"}, {"LongLabel": "Accelerato", "ID": "524"}, {"LongLabel": "Nuts & Bolts", "ID": "544"}, {"LongLabel": "Battle-Stars", "ID": "545"}, {"LongLabel": "Candy Corn", "ID": "578"}, {"LongLabel": "OutaTime", "ID": "626"}, {"LongLabel": "Xmas", "ID": "635"}, {"LongLabel": "Portal - Conversion Gel", "ID": "651"}, {"LongLabel": "Portal - Propulsion Gel", "ID": "652"}, {"LongLabel": "Portal - Repulsion Gel", "ID": "653"}, {"LongLabel": "Sandstorm", "ID": "664"}, {"LongLabel": "'16 Batmobile", "ID": "868"}, {"LongLabel": "Feather", "ID": "1090"}, {"LongLabel": "Hearts", "ID": "1091"}, {"LongLabel": "Pixel Fire", "ID": "1092"}, {"LongLabel": "Polygonal", "ID": "1093"}, {"LongLabel": "Toon Smoke", "ID": "1094"}, {"LongLabel": "Trinity", "ID": "1158"}, {"LongLabel": "Frostbite", "ID": "1166"}, {"LongLabel": "Flamethrower Yellow", "ID": "1318"}, {"LongLabel": "Standard Green", "ID": "1319"}, {"LongLabel": "Magmus", "ID": "1327"}, {"LongLabel": "Season 2 - Challenger", "ID": "1334"}, {"LongLabel": "Season 2 - Champion", "ID": "1335"}, {"LongLabel": "Season 2 - Prospect", "ID": "1336"}, {"LongLabel": "Season 2 - Star", "ID": "1337"}, {"LongLabel": "Ink", "ID": "1452"}, {"LongLabel": "Treasure", "ID": "1459"}, {"LongLabel": "Cold Fusion", "ID": "1469"}, {"LongLabel": "Lightning Yellow", "ID": "1473"}, {"LongLabel": "Netherworld", "ID": "1498"}, {"LongLabel": "Hypernova", "ID": "1542"}, {"LongLabel": "Xenosplash", "ID": "1550"}, {"LongLabel": "Dark Matter", "ID": "1551"}, {"LongLabel": "Tachyon", "ID": "1552"}, {"LongLabel": "Proton", "ID": "1584"}, {"LongLabel": "Magic Missile", "ID": "1638"}, {"LongLabel": "Taco", "ID": "1680"}, {"LongLabel": "Hexphase", "ID": "1694"}, {"LongLabel": "Helios", "ID": "1695"}, {"LongLabel": "Neo-Thermal", "ID": "1736"}, {"LongLabel": "Interdimensional GB", "ID": "1957"}, {"LongLabel": "Power-Shot", "ID": "2054"}, {"LongLabel": "Scary Pumpkin", "ID": "2328"}, {"LongLabel": "Fractal Fire", "ID": "2394"}, {"LongLabel": "Winter Storm", "ID": "2442"}, {"LongLabel": "Yuletide", "ID": "2478"}, {"LongLabel": "Tsunami Beam", "ID": "2645"}, {"LongLabel": "Toon Sketch", "ID": "2654"}, {"LongLabel": "Geo Soul", "ID": "2712"}, {"LongLabel": "Springtime Flowers", "ID": "2722"}, {"LongLabel": "Blast Ray", "ID": "2727"}, {"LongLabel": "The Dark Knight Rises Tumbler", "ID": "2765"}, {"LongLabel": "'89 Batmobile", "ID": "2780"}, {"LongLabel": "Speed Force", "ID": "2782"}, {"LongLabel": "Comet", "ID": "2837"}, {"LongLabel": "Popcorn", "ID": "2879"}, {"LongLabel": "Torrent", "ID": "2880"}, {"LongLabel": "Enchanter", "ID": "2899"}, {"LongLabel": "Sun Ray", "ID": "2904"}, {"LongLabel": "Cirrus", "ID": "2916"}, {"LongLabel": "Virtual Wave", "ID": "3114"}], "Topper": [{"LongLabel": "(Alpha Reward) Gold Cap", "ID": "224"}, {"LongLabel": "Propellerhead", "ID": "225"}, {"LongLabel": "Bobby Helmet", "ID": "227"}, {"LongLabel": "Royal Crown", "ID": "228"}, {"LongLabel": "Devil Horns", "ID": "229"}, {"LongLabel": "Fez", "ID": "230"}, {"LongLabel": "Fire Helmet", "ID": "231"}, {"LongLabel": "Halo", "ID": "232"}, {"LongLabel": "Hard Hat", "ID": "233"}, {"LongLabel": "Mariachi Hat", "ID": "234"}, {"LongLabel": "Pirate's Hat", "ID": "235"}, {"LongLabel": "Pizza Topper", "ID": "236"}, {"LongLabel": "Cherry Top", "ID": "237"}, {"LongLabel": "Sombrero", "ID": "238"}, {"LongLabel": "Taxi Topper", "ID": "239"}, {"LongLabel": "Top Hat", "ID": "240"}, {"LongLabel": "Br\u00fcnnehilde", "ID": "241"}, {"LongLabel": "Witch's Hat", "ID": "242"}, {"LongLabel": "Wizard Hat", "ID": "243"}, {"LongLabel": "Foam Hat", "ID": "390"}, {"LongLabel": "Drink Helmet", "ID": "493"}, {"LongLabel": "Pixelated Shades", "ID": "494"}, {"LongLabel": "Tiara", "ID": "495"}, {"LongLabel": "Boombox", "ID": "521"}, {"LongLabel": "Pumpkin", "ID": "546"}, {"LongLabel": "Locomotive", "ID": "547"}, {"LongLabel": "Shark Fin", "ID": "579"}, {"LongLabel": "Cavalier", "ID": "580"}, {"LongLabel": "Mohawk", "ID": "638"}, {"LongLabel": "Christmas Tree", "ID": "639"}, {"LongLabel": "Blitzen", "ID": "640"}, {"LongLabel": "Sad Sapling", "ID": "641"}, {"LongLabel": "Santa", "ID": "642"}, {"LongLabel": "Light Bulb", "ID": "644"}, {"LongLabel": "Portal - Cake", "ID": "661"}, {"LongLabel": "Cow Skull", "ID": "685"}, {"LongLabel": "Season 1 - Bronze", "ID": "705"}, {"LongLabel": "Season 1 - Gold", "ID": "706"}, {"LongLabel": "Season 1 - Platinum", "ID": "707"}, {"LongLabel": "Season 1 - Silver", "ID": "708"}, {"LongLabel": "Work Boot", "ID": "740"}, {"LongLabel": "Captain's Hat", "ID": "741"}, {"LongLabel": "Homburg", "ID": "742"}, {"LongLabel": "Brodie Helmet", "ID": "743"}, {"LongLabel": "Fruit Hat", "ID": "744"}, {"LongLabel": "Bowler", "ID": "745"}, {"LongLabel": "Police Hat", "ID": "746"}, {"LongLabel": "Traffic Cone", "ID": "747"}, {"LongLabel": "Unicorn", "ID": "748"}, {"LongLabel": "Chef's Hat", "ID": "756"}, {"LongLabel": "Cockroach", "ID": "769"}, {"LongLabel": "Paper Boat", "ID": "770"}, {"LongLabel": "Rasta", "ID": "771"}, {"LongLabel": "Plunger", "ID": "772"}, {"LongLabel": "Shuriken", "ID": "773"}, {"LongLabel": "Antlers", "ID": "774"}, {"LongLabel": "Beret", "ID": "775"}, {"LongLabel": "Biker Cap", "ID": "776"}, {"LongLabel": "Graduation Cap", "ID": "778"}, {"LongLabel": "Rhino Horns", "ID": "780"}, {"LongLabel": "Mouse Trap", "ID": "782"}, {"LongLabel": "Birthday Cake", "ID": "789"}, {"LongLabel": "Derby", "ID": "790"}, {"LongLabel": "Deerstalker", "ID": "792"}, {"LongLabel": "Chainsaw", "ID": "795"}, {"LongLabel": "deadmau5", "ID": "796"}, {"LongLabel": "Wildcat Ears", "ID": "810"}, {"LongLabel": "Little Bow", "ID": "811"}, {"LongLabel": "Party Hat", "ID": "812"}, {"LongLabel": "Pigeon", "ID": "817"}, {"LongLabel": "Worms W.M.D.", "ID": "1028"}, {"LongLabel": "ROBO-Visor", "ID": "1288"}, {"LongLabel": "Baseball Cap (F)", "ID": "1305"}, {"LongLabel": "Cattleman", "ID": "1316"}, {"LongLabel": "Ivy Cap", "ID": "1326"}, {"LongLabel": "Baseball Cap (B)", "ID": "1328"}, {"LongLabel": "White Hat", "ID": "1332"}, {"LongLabel": "Trucker Hat", "ID": "1338"}, {"LongLabel": "Pork Pie", "ID": "1339"}, {"LongLabel": "Visor", "ID": "1342"}, {"LongLabel": "Day of the Tentacle", "ID": "1344"}, {"LongLabel": "Black Market Preview", "ID": "1470"}, {"LongLabel": "Clamshell", "ID": "1497"}, {"LongLabel": "Bone King", "ID": "1499"}, {"LongLabel": "Ghost", "ID": "1518"}, {"LongLabel": "New Year's 2017", "ID": "1531"}, {"LongLabel": "Fishbowl", "ID": "1537"}, {"LongLabel": "Helper Elf", "ID": "1569"}, {"LongLabel": "Shark Bite", "ID": "1641"}, {"LongLabel": "Hot Wheels", "ID": "1665"}, {"LongLabel": "Bunny Ears", "ID": "1677"}, {"LongLabel": "Easter Basket", "ID": "1678"}, {"LongLabel": "Hustle Brows", "ID": "1725"}, {"LongLabel": "Mount Champion", "ID": "1750"}, {"LongLabel": "Mr. Meeseeks", "ID": "1973"}, {"LongLabel": "Mr. PBH", "ID": "1977"}, {"LongLabel": "Cromulon", "ID": "1984"}, {"LongLabel": "Latte", "ID": "2028"}, {"LongLabel": "Succulents", "ID": "2033"}, {"LongLabel": "Sushi Nigiri", "ID": "2037"}, {"LongLabel": "Uncle Sam", "ID": "2038"}, {"LongLabel": "Butterfly", "ID": "2040"}, {"LongLabel": "Heart Glasses", "ID": "2041"}, {"LongLabel": "Rainbow", "ID": "2042"}, {"LongLabel": "Scarecrow Jack", "ID": "2043"}, {"LongLabel": "Surfboard", "ID": "2046"}, {"LongLabel": "MMS Headphones", "ID": "2050"}, {"LongLabel": "Jack-in-the-Box", "ID": "2051"}, {"LongLabel": "Mrs. Avocado", "ID": "2055"}, {"LongLabel": "Undying Love", "ID": "2057"}, {"LongLabel": "Grave Robber", "ID": "2058"}, {"LongLabel": "Mr. Banana", "ID": "2063"}, {"LongLabel": "Stegosaur", "ID": "2064"}, {"LongLabel": "Worried Watermelon", "ID": "2065"}, {"LongLabel": "Rooster Comb", "ID": "2069"}, {"LongLabel": "Happy Penguin", "ID": "2071"}, {"LongLabel": "Bycocket", "ID": "2072"}, {"LongLabel": "Dragon Wings", "ID": "2073"}, {"LongLabel": "Catfish", "ID": "2076"}, {"LongLabel": "Hawaiian Lei", "ID": "2077"}, {"LongLabel": "Sad Strawberry", "ID": "2078"}, {"LongLabel": "Mr. Hot Pepper", "ID": "2084"}, {"LongLabel": "Chafed Cherry", "ID": "2247"}, {"LongLabel": "Mr. Hot Dog", "ID": "2248"}, {"LongLabel": "Octopus", "ID": "2249"}, {"LongLabel": "Hotcakes", "ID": "2271"}, {"LongLabel": "Holiday Bow", "ID": "2283"}, {"LongLabel": "Angel Wings", "ID": "2318"}, {"LongLabel": "Fallen Tree", "ID": "2319"}, {"LongLabel": "Snowboards", "ID": "2351"}, {"LongLabel": "Gargoyle", "ID": "2377"}, {"LongLabel": "Little Elephant", "ID": "2395"}, {"LongLabel": "Little Sloth", "ID": "2443"}, {"LongLabel": "Little Owl", "ID": "2464"}, {"LongLabel": "Little Cow", "ID": "2467"}, {"LongLabel": "Little Bunny", "ID": "2468"}, {"LongLabel": "Little Dog", "ID": "2473"}, {"LongLabel": "Mr. Pineapple", "ID": "2559"}, {"LongLabel": "Goldfish", "ID": "2608"}, {"LongLabel": "GG the Clown", "ID": "2728"}, {"LongLabel": "Stoic Muffin", "ID": "2739"}, {"LongLabel": "Two-Timer", "ID": "2740"}, {"LongLabel": "Dizzy Birds", "ID": "2749"}, {"LongLabel": "Swim Ring", "ID": "2786"}, {"LongLabel": "Palm Tree", "ID": "2787"}, {"LongLabel": "Kayak", "ID": "2813"}, {"LongLabel": "Buzzer", "ID": "2816"}, {"LongLabel": "Sand Castle", "ID": "2838"}, {"LongLabel": "Battle-Cars Anniversary", "ID": "2959"}, {"LongLabel": "Birthday Bash", "ID": "2960"}, {"LongLabel": "Jurassic Park Hard Hat", "ID": "2976"}], "Paint Finish": [{"LongLabel": "Brushed Metal", "ID": "266"}, {"LongLabel": "Corroded Metal", "ID": "268"}, {"LongLabel": "Glossy", "ID": "270"}, {"LongLabel": "Furry", "ID": "271"}, {"LongLabel": "Carbon Fiber", "ID": "272"}, {"LongLabel": "Matte", "ID": "273"}, {"LongLabel": "Metallic", "ID": "274"}, {"LongLabel": "Metallic Pearl", "ID": "275"}, {"LongLabel": "Pearlescent", "ID": "276"}, {"LongLabel": "Semigloss", "ID": "277"}, {"LongLabel": "Toon Glossy", "ID": "279"}, {"LongLabel": "Toon Wood", "ID": "280"}, {"LongLabel": "Toon Matte", "ID": "281"}, {"LongLabel": "Wood", "ID": "283"}, {"LongLabel": "Camo", "ID": "541"}, {"LongLabel": "Sun-Damaged", "ID": "542"}, {"LongLabel": "Stainless Steel", "ID": "623"}, {"LongLabel": "Circuit Board", "ID": "1681"}, {"LongLabel": "Moon Rock", "ID": "1688"}, {"LongLabel": "Cookie Dough", "ID": "1700"}, {"LongLabel": "Knitted Yarn", "ID": "1707"}, {"LongLabel": "Burlap", "ID": "1710"}, {"LongLabel": "Zebra", "ID": "1712"}, {"LongLabel": "Glossy Block", "ID": "1978"}, {"LongLabel": "Pearlescent (Matte)", "ID": "1980"}, {"LongLabel": "Metallic (Smooth)", "ID": "2066"}, {"LongLabel": "Metallic Pearl (Smooth)", "ID": "2067"}, {"LongLabel": "Anodized", "ID": "2275"}, {"LongLabel": "'89 Batmobile", "ID": "2748"}, {"LongLabel": "Canvas", "ID": "2973"}, {"LongLabel": "Metallic (Rough)", "ID": "2974"}], "Decal": [{"LongLabel": "Backfire: Flames", "ID": "288"}, {"LongLabel": "Backfire: Lightning", "ID": "289"}, {"LongLabel": "Backfire: Skulls", "ID": "290"}, {"LongLabel": "Backfire: Stars", "ID": "291"}, {"LongLabel": "Backfire: Stripes", "ID": "292"}, {"LongLabel": "Backfire: Tech", "ID": "293"}, {"LongLabel": "Backfire: Wings", "ID": "294"}, {"LongLabel": "Breakout: Flames", "ID": "295"}, {"LongLabel": "Breakout: Lightning", "ID": "296"}, {"LongLabel": "Breakout: Skulls", "ID": "297"}, {"LongLabel": "Breakout: Stars", "ID": "298"}, {"LongLabel": "Breakout: Stripes", "ID": "299"}, {"LongLabel": "Breakout: Tech", "ID": "300"}, {"LongLabel": "Breakout: Wings", "ID": "301"}, {"LongLabel": "Octane: Flames", "ID": "302"}, {"LongLabel": "Octane: Lightning", "ID": "303"}, {"LongLabel": "Octane: Skulls", "ID": "304"}, {"LongLabel": "Octane: Stars", "ID": "305"}, {"LongLabel": "Octane: Stripes", "ID": "306"}, {"LongLabel": "Octane: Tech", "ID": "307"}, {"LongLabel": "Octane: Wings", "ID": "308"}, {"LongLabel": "Paladin: Flames", "ID": "309"}, {"LongLabel": "Paladin: Lightning", "ID": "310"}, {"LongLabel": "Paladin: Skulls", "ID": "311"}, {"LongLabel": "Paladin: Stars", "ID": "312"}, {"LongLabel": "Paladin: Stripes", "ID": "313"}, {"LongLabel": "Paladin: Tech", "ID": "314"}, {"LongLabel": "Paladin: Wings", "ID": "315"}, {"LongLabel": "Road Hog: Flames", "ID": "316"}, {"LongLabel": "Road Hog: Lightning", "ID": "317"}, {"LongLabel": "Road Hog: Skulls", "ID": "318"}, {"LongLabel": "Road Hog: Stars", "ID": "319"}, {"LongLabel": "Road Hog: Stripes", "ID": "320"}, {"LongLabel": "Road Hog: Tech", "ID": "321"}, {"LongLabel": "Road Hog: Wings", "ID": "322"}, {"LongLabel": "Gizmo: Flames", "ID": "323"}, {"LongLabel": "Gizmo: Lightning", "ID": "324"}, {"LongLabel": "Gizmo: Skulls", "ID": "325"}, {"LongLabel": "Gizmo: Stars", "ID": "326"}, {"LongLabel": "Gizmo: Stripes", "ID": "327"}, {"LongLabel": "Gizmo: Tech", "ID": "328"}, {"LongLabel": "Gizmo: Wings", "ID": "329"}, {"LongLabel": "X-Devil: Flames", "ID": "330"}, {"LongLabel": "X-Devil: Lightning", "ID": "331"}, {"LongLabel": "X-Devil: Skulls", "ID": "332"}, {"LongLabel": "X-Devil: Stars", "ID": "333"}, {"LongLabel": "X-Devil: Stripes", "ID": "334"}, {"LongLabel": "X-Devil: Tech", "ID": "335"}, {"LongLabel": "X-Devil: Wings", "ID": "336"}, {"LongLabel": "Hotshot: Flames", "ID": "337"}, {"LongLabel": "Hotshot: Lightning", "ID": "338"}, {"LongLabel": "Hotshot: Skulls", "ID": "339"}, {"LongLabel": "Hotshot: Stars", "ID": "340"}, {"LongLabel": "Hotshot: Stripes", "ID": "341"}, {"LongLabel": "Hotshot: Tech", "ID": "342"}, {"LongLabel": "Hotshot: Wings", "ID": "343"}, {"LongLabel": "Merc: Dots", "ID": "344"}, {"LongLabel": "Merc: Flames", "ID": "345"}, {"LongLabel": "Merc: Lightning", "ID": "346"}, {"LongLabel": "Merc: Skulls", "ID": "347"}, {"LongLabel": "Merc: Stars", "ID": "348"}, {"LongLabel": "Merc: Stripes", "ID": "349"}, {"LongLabel": "Merc: Wings", "ID": "350"}, {"LongLabel": "Venom: Dots", "ID": "351"}, {"LongLabel": "Venom: Flames", "ID": "352"}, {"LongLabel": "Venom: Lightning", "ID": "353"}, {"LongLabel": "Venom: Skulls", "ID": "354"}, {"LongLabel": "Venom: Stripes", "ID": "355"}, {"LongLabel": "Venom: Tagged", "ID": "356"}, {"LongLabel": "Venom: Wings", "ID": "357"}, {"LongLabel": "Takumi: Copycat", "ID": "497"}, {"LongLabel": "Takumi: Reiko", "ID": "498"}, {"LongLabel": "Takumi: Gaki", "ID": "499"}, {"LongLabel": "Takumi: Stripes", "ID": "501"}, {"LongLabel": "Takumi: Crazy-8", "ID": "502"}, {"LongLabel": "Takumi: Chaser", "ID": "503"}, {"LongLabel": "Dominus: Flames", "ID": "504"}, {"LongLabel": "Dominus: Scorpions", "ID": "506"}, {"LongLabel": "Dominus: Skulls", "ID": "507"}, {"LongLabel": "Dominus: Stripes", "ID": "508"}, {"LongLabel": "Dominus: Tats", "ID": "509"}, {"LongLabel": "Dominus: Wings", "ID": "510"}, {"LongLabel": "Zippy: Hearts", "ID": "581"}, {"LongLabel": "Zippy: Tiger", "ID": "582"}, {"LongLabel": "Zippy: Flames", "ID": "583"}, {"LongLabel": "Zippy: Leopard", "ID": "584"}, {"LongLabel": "Scarab: Bomani", "ID": "585"}, {"LongLabel": "Scarab: Hearts", "ID": "586"}, {"LongLabel": "Scarab: Tiger", "ID": "587"}, {"LongLabel": "Scarab: Tribal", "ID": "588"}, {"LongLabel": "Zippy: Caboodle", "ID": "589"}, {"LongLabel": "Zippy: Callous", "ID": "590"}, {"LongLabel": "Scarab: Flames", "ID": "591"}, {"LongLabel": "Scarab: Derby Girl", "ID": "592"}, {"LongLabel": "Ripper: Flames", "ID": "669"}, {"LongLabel": "Ripper: Shot Fox", "ID": "670"}, {"LongLabel": "Ripper: Spikes", "ID": "671"}, {"LongLabel": "Ripper: Tribal", "ID": "672"}, {"LongLabel": "Grog: Bomber", "ID": "674"}, {"LongLabel": "Grog: Lepus", "ID": "675"}, {"LongLabel": "Grog: Stripes", "ID": "687"}, {"LongLabel": "Grog: Cyclops", "ID": "694"}, {"LongLabel": "Grog: Tagged", "ID": "695"}, {"LongLabel": "Grog: Tribal", "ID": "696"}, {"LongLabel": "Ripper: Ockie", "ID": "700"}, {"LongLabel": "Ripper: Bomber", "ID": "701"}, {"LongLabel": "Dominus GT: Flames", "ID": "1030"}, {"LongLabel": "Dominus GT: Protractor", "ID": "1032"}, {"LongLabel": "Dominus GT: Stripes", "ID": "1034"}, {"LongLabel": "Dominus GT: Sunburst", "ID": "1035"}, {"LongLabel": "Dominus GT: Techno", "ID": "1036"}, {"LongLabel": "Dominus GT: Wings", "ID": "1037"}, {"LongLabel": "Takumi: Anubis", "ID": "1047"}, {"LongLabel": "Takumi: Combo", "ID": "1048"}, {"LongLabel": "Takumi: Distortion", "ID": "1052"}, {"LongLabel": "Takumi: Vector", "ID": "1056"}, {"LongLabel": "Octane: Dragon Lord", "ID": "1059"}, {"LongLabel": "Octane: Dot Rush", "ID": "1060"}, {"LongLabel": "Octane: Distortion", "ID": "1062"}, {"LongLabel": "Octane: Racer", "ID": "1065"}, {"LongLabel": "Octane: Snakeskin", "ID": "1066"}, {"LongLabel": "Merc: Warlock", "ID": "1079"}, {"LongLabel": "Venom: Flex", "ID": "1084"}, {"LongLabel": "Venom: Nine Lives", "ID": "1087"}, {"LongLabel": "Breakout: Dot Matrix", "ID": "1096"}, {"LongLabel": "Breakout: Distortion", "ID": "1099"}, {"LongLabel": "Breakout: Vice", "ID": "1102"}, {"LongLabel": "Breakout: Snakeskin", "ID": "1104"}, {"LongLabel": "Dominus: Dot Matrix", "ID": "1123"}, {"LongLabel": "Dominus: Pollo Caliente", "ID": "1130"}, {"LongLabel": "Dominus: Snakeskin", "ID": "1131"}, {"LongLabel": "X-Devil Mk2: X", "ID": "1160"}, {"LongLabel": "X-Devil Mk2: Stripes", "ID": "1163"}, {"LongLabel": "X-Devil Mk2: Debugged", "ID": "1164"}, {"LongLabel": "X-Devil Mk2: Wings", "ID": "1165"}, {"LongLabel": "X-Devil Mk2: Hyper", "ID": "1167"}, {"LongLabel": "X-Devil Mk2: Stars", "ID": "1168"}, {"LongLabel": "Masamune: Wildfire", "ID": "1173"}, {"LongLabel": "Masamune: Stars", "ID": "1174"}, {"LongLabel": "Masamune: Stripes", "ID": "1175"}, {"LongLabel": "Masamune: Road Rage", "ID": "1176"}, {"LongLabel": "Breakout: Junk Food", "ID": "1178"}, {"LongLabel": "Dominus: Royalty", "ID": "1179"}, {"LongLabel": "Road Hog XL: Arsenal", "ID": "1211"}, {"LongLabel": "Masamune: Otaku", "ID": "1279"}, {"LongLabel": "Masamune: DJ Sushi", "ID": "1280"}, {"LongLabel": "Road Hog XL: Wildfire", "ID": "1283"}, {"LongLabel": "Road Hog XL: Space Trip", "ID": "1284"}, {"LongLabel": "Takumi RX-T: Skullface", "ID": "1296"}, {"LongLabel": "Takumi RX-T: Party-Chan", "ID": "1297"}, {"LongLabel": "Takumi RX-T: Inked", "ID": "1298"}, {"LongLabel": "Takumi RX-T: Blackwork", "ID": "1299"}, {"LongLabel": "Takumi RX-T: Rockat", "ID": "1301"}, {"LongLabel": "Takumi RX-T: Stripes", "ID": "1302"}, {"LongLabel": "Aftershock: Tribal", "ID": "1306"}, {"LongLabel": "Aftershock: Copycat", "ID": "1308"}, {"LongLabel": "Aftershock: MIRV", "ID": "1311"}, {"LongLabel": "Aftershock: Seismic", "ID": "1312"}, {"LongLabel": "Aftershock: Tiger", "ID": "1313"}, {"LongLabel": "Aftershock: Wings", "ID": "1314"}, {"LongLabel": "Esper: Shank", "ID": "1320"}, {"LongLabel": "Esper: Super F3", "ID": "1321"}, {"LongLabel": "Esper: Kaiju", "ID": "1322"}, {"LongLabel": "Esper: Mouse Cat", "ID": "1323"}, {"LongLabel": "Esper: Neo", "ID": "1324"}, {"LongLabel": "Esper: Pegasus", "ID": "1325"}, {"LongLabel": "Marauder: Big Buck", "ID": "1340"}, {"LongLabel": "Marauder: Stripes", "ID": "1341"}, {"LongLabel": "Marauder: Vagabond", "ID": "1345"}, {"LongLabel": "Marauder: Ruffian", "ID": "1346"}, {"LongLabel": "Marauder: Safari", "ID": "1348"}, {"LongLabel": "Marauder: Wings", "ID": "1352"}, {"LongLabel": "Merc: Flower Power", "ID": "1356"}, {"LongLabel": "Dominus GT: Dot Matrix", "ID": "1362"}, {"LongLabel": "Dominus GT: Distortion", "ID": "1365"}, {"LongLabel": "Dominus GT: Snakeskin", "ID": "1368"}, {"LongLabel": "Takumi RX-T: Dot Matrix", "ID": "1382"}, {"LongLabel": "Takumi RX-T: Distortion", "ID": "1385"}, {"LongLabel": "Takumi RX-T: Snakeskin", "ID": "1388"}, {"LongLabel": "Takumi RX-T: Arrowhead", "ID": "1389"}, {"LongLabel": "Breakout Type-S: Iris", "ID": "1417"}, {"LongLabel": "Breakout Type-S: Hyper-Flight", "ID": "1418"}, {"LongLabel": "Breakout Type-S: Python", "ID": "1419"}, {"LongLabel": "Breakout Type-S: Shockwave", "ID": "1420"}, {"LongLabel": "Breakout Type-S: Skulls", "ID": "1421"}, {"LongLabel": "Breakout Type-S: Wings", "ID": "1422"}, {"LongLabel": "Road Hog XL: Horus", "ID": "1426"}, {"LongLabel": "Road Hog XL: Muerto", "ID": "1427"}, {"LongLabel": "Road Hog XL: Playtime", "ID": "1428"}, {"LongLabel": "Heatwave", "ID": "1435"}, {"LongLabel": "Labyrinth", "ID": "1436"}, {"LongLabel": "Parallax", "ID": "1437"}, {"LongLabel": "Slipstream", "ID": "1438"}, {"LongLabel": "Road Hog: Carbonated", "ID": "1442"}, {"LongLabel": "Road Hog: Snakeskin", "ID": "1443"}, {"LongLabel": "X-Devil: Snakeskin", "ID": "1449"}, {"LongLabel": "Dominus: Arcana", "ID": "1453"}, {"LongLabel": "Takumi: Whizzle", "ID": "1455"}, {"LongLabel": "Breakout: Shibuya", "ID": "1456"}, {"LongLabel": "Merc: Narwhal", "ID": "1458"}, {"LongLabel": "Proteus: Stripes", "ID": "1472"}, {"LongLabel": "Proteus: Cuttle Time", "ID": "1476"}, {"LongLabel": "Proteus: Fathom", "ID": "1477"}, {"LongLabel": "Triton: Daddy-O", "ID": "1479"}, {"LongLabel": "Triton: Modus Bestia", "ID": "1481"}, {"LongLabel": "Triton: Makai", "ID": "1483"}, {"LongLabel": "Triton: Stripes", "ID": "1484"}, {"LongLabel": "Triton: Fugu", "ID": "1485"}, {"LongLabel": "Triton: Ragnarok", "ID": "1486"}, {"LongLabel": "Proteus: Crash Dive", "ID": "1495"}, {"LongLabel": "Proteus: Ladybug", "ID": "1496"}, {"LongLabel": "Breakout: Falchion", "ID": "1501"}, {"LongLabel": "Breakout: Turbo", "ID": "1520"}, {"LongLabel": "Proteus: Tiger Shark", "ID": "1521"}, {"LongLabel": "Octane: MG-88", "ID": "1522"}, {"LongLabel": "Dominus: Mondo", "ID": "1527"}, {"LongLabel": "Octane: Shisa", "ID": "1532"}, {"LongLabel": "Masamune: Oni", "ID": "1534"}, {"LongLabel": "Octane: Roadkill", "ID": "1544"}, {"LongLabel": "Road Hog: Wildfire", "ID": "1545"}, {"LongLabel": "Hotshot: Hi-Tech", "ID": "1546"}, {"LongLabel": "Octane: Kilowatt", "ID": "1561"}, {"LongLabel": "Gizmo: Mean Streak", "ID": "1562"}, {"LongLabel": "Octane ZSR: Mean Streak", "ID": "1570"}, {"LongLabel": "Octane ZSR: Interceptor", "ID": "1571"}, {"LongLabel": "Octane ZSR: Namesake", "ID": "1572"}, {"LongLabel": "Octane ZSR: Peace", "ID": "1573"}, {"LongLabel": "Octane ZSR: Gobo", "ID": "1574"}, {"LongLabel": "Octane ZSR: Wildfire", "ID": "1575"}, {"LongLabel": "Biomass", "ID": "1577"}, {"LongLabel": "Hexed", "ID": "1578"}, {"LongLabel": "Spectre", "ID": "1579"}, {"LongLabel": "Vulcan: ARC", "ID": "1586"}, {"LongLabel": "Vulcan: Cryo-Flames", "ID": "1587"}, {"LongLabel": "Vulcan: Medic", "ID": "1588"}, {"LongLabel": "Vulcan: Space Worm", "ID": "1589"}, {"LongLabel": "Vulcan: Combat", "ID": "1590"}, {"LongLabel": "X-Devil: Maximon", "ID": "1593"}, {"LongLabel": "Vulcan: Armada", "ID": "1598"}, {"LongLabel": "Breakout Type-S: Dot Matrix", "ID": "1612"}, {"LongLabel": "Breakout Type-S: Distortion", "ID": "1613"}, {"LongLabel": "Breakout Type-S: Snakeskin", "ID": "1614"}, {"LongLabel": "Octane ZSR: Dot Matrix", "ID": "1618"}, {"LongLabel": "Octane ZSR: Distortion", "ID": "1619"}, {"LongLabel": "Octane ZSR: Snakeskin", "ID": "1620"}, {"LongLabel": "Breakout Type-S: Funny Book", "ID": "1628"}, {"LongLabel": "Octane ZSR: Tribal", "ID": "1629"}, {"LongLabel": "X-Devil Mk2: Cobra", "ID": "1630"}, {"LongLabel": "Breakout: Heiwa", "ID": "1633"}, {"LongLabel": "Masamune: Kawaii", "ID": "1636"}, {"LongLabel": "Octane: Griffon", "ID": "1637"}, {"LongLabel": "Bone Shaker: Starstruck", "ID": "1642"}, {"LongLabel": "Bone Shaker: Pro-Street", "ID": "1643"}, {"LongLabel": "Bone Shaker: Inferno", "ID": "1644"}, {"LongLabel": "Bone Shaker: Diablo", "ID": "1645"}, {"LongLabel": "Bone Shaker: Bone Jack", "ID": "1646"}, {"LongLabel": "Bone Shaker: Stripes", "ID": "1647"}, {"LongLabel": "Dominus: Suji", "ID": "1649"}, {"LongLabel": "Dominus GT: Unmasked", "ID": "1650"}, {"LongLabel": "Takumi RX-T: Super RX-T", "ID": "1651"}, {"LongLabel": "Twin Mill III: Flames", "ID": "1658"}, {"LongLabel": "Twin Mill III: Primo", "ID": "1659"}, {"LongLabel": "Twin Mill III: Overline", "ID": "1660"}, {"LongLabel": "Twin Mill III: Pyro", "ID": "1662"}, {"LongLabel": "Twin Mill III: Javelin", "ID": "1664"}, {"LongLabel": "Endo: Dyno", "ID": "1668"}, {"LongLabel": "Endo: Cupcake", "ID": "1672"}, {"LongLabel": "Endo: Wings", "ID": "1673"}, {"LongLabel": "Tora", "ID": "1679"}, {"LongLabel": "20XX", "ID": "1684"}, {"LongLabel": "Twin Mill III: Speedster", "ID": "1687"}, {"LongLabel": "Breakout: Vector", "ID": "1716"}, {"LongLabel": "Ice Charger: Crazy Sandwich", "ID": "1720"}, {"LongLabel": "Ice Charger: Rally", "ID": "1723"}, {"LongLabel": "Ice Charger: CDXL", "ID": "1738"}, {"LongLabel": "Endo: Cyrus", "ID": "1739"}, {"LongLabel": "Endo: Circuit Pro", "ID": "1740"}, {"LongLabel": "Endo: Stripes", "ID": "1741"}, {"LongLabel": "Breakout Type-S: RLCS", "ID": "1742"}, {"LongLabel": "Dominus: RLCS", "ID": "1743"}, {"LongLabel": "Octane: RLCS", "ID": "1744"}, {"LongLabel": "Breakout: RLCS", "ID": "1745"}, {"LongLabel": "Dominus GT: RLCS", "ID": "1746"}, {"LongLabel": "Octane ZSR: RLCS", "ID": "1747"}, {"LongLabel": "Ice Charger: Rakugaki", "ID": "1749"}, {"LongLabel": "Ice Charger: Flames", "ID": "1755"}, {"LongLabel": "Mantis: Arrowhead", "ID": "1758"}, {"LongLabel": "Mantis: Battleworn", "ID": "1759"}, {"LongLabel": "Mantis: Maxx", "ID": "1760"}, {"LongLabel": "Mantis: Kaze", "ID": "1761"}, {"LongLabel": "Mantis: Uproar", "ID": "1762"}, {"LongLabel": "Mantis: Roasted", "ID": "1763"}, {"LongLabel": "Breakout Type-S: Mobo", "ID": "1769"}, {"LongLabel": "Takumi: Sticker Bomb", "ID": "1770"}, {"LongLabel": "Dominus: MDGA", "ID": "1773"}, {"LongLabel": "Octane ZSR: Jiangshi", "ID": "1774"}, {"LongLabel": "Octane: Buzz Kill", "ID": "1775"}, {"LongLabel": "Takumi: Aqueous", "ID": "1779"}, {"LongLabel": "Ice Charger: Clean Cut", "ID": "1781"}, {"LongLabel": "Endo: MG-88", "ID": "1826"}, {"LongLabel": "Takumi RX-T: Chusho", "ID": "1867"}, {"LongLabel": "Bubbly", "ID": "1888"}, {"LongLabel": "Octane ZSR: Funny Book", "ID": "1917"}, {"LongLabel": "Centio V17: L-ITA 99", "ID": "1921"}, {"LongLabel": "Centio V17: Flagman", "ID": "1922"}, {"LongLabel": "Centio V17: MiNT", "ID": "1923"}, {"LongLabel": "Centio V17: Echo-Pulse", "ID": "1924"}, {"LongLabel": "Centio V17: Stripes", "ID": "1925"}, {"LongLabel": "Centio V17: Tribal", "ID": "1927"}, {"LongLabel": "Animus GP: Zhangtek", "ID": "1933"}, {"LongLabel": "Animus GP: Necro", "ID": "1934"}, {"LongLabel": "Animus GP: L-ITA 99", "ID": "1936"}, {"LongLabel": "Animus GP: Rockat", "ID": "1937"}, {"LongLabel": "Animus GP: Monza", "ID": "1938"}, {"LongLabel": "Endo: Spatter", "ID": "1953"}, {"LongLabel": "Octane: Lone Wolf", "ID": "1955"}, {"LongLabel": "SWT-T", "ID": "1956"}, {"LongLabel": "Octane: Slimline", "ID": "1963"}, {"LongLabel": "Animus GP: Feral", "ID": "1985"}, {"LongLabel": "Werewolf: Arcadia", "ID": "1986"}, {"LongLabel": "Werewolf: Big Scratches", "ID": "1987"}, {"LongLabel": "Werewolf: Stripes", "ID": "1988"}, {"LongLabel": "Werewolf: Pro", "ID": "1989"}, {"LongLabel": "Werewolf: Anticlipse", "ID": "1990"}, {"LongLabel": "Werewolf: Shapeshifter", "ID": "1991"}, {"LongLabel": "Imperator DT5: '80s Grad", "ID": "1992"}, {"LongLabel": "Imperator DT5: ARC", "ID": "1993"}, {"LongLabel": "Imperator DT5: NBP", "ID": "1994"}, {"LongLabel": "Imperator DT5: Skullcap", "ID": "2003"}, {"LongLabel": "Imperator DT5: Righteous Sun", "ID": "2004"}, {"LongLabel": "Mantis: Critters", "ID": "2012"}, {"LongLabel": "Octane: Monstercat", "ID": "2016"}, {"LongLabel": "Breakout: BOO!", "ID": "2019"}, {"LongLabel": "Breakout Type-S: S'mored", "ID": "2021"}, {"LongLabel": "Dominus GT: Splatter", "ID": "2024"}, {"LongLabel": "Animus GP: Odd Fish", "ID": "2025"}, {"LongLabel": "J\u00e4ger 619 RS: Stripes", "ID": "2081"}, {"LongLabel": "Imperator DT5: Overhaul", "ID": "2086"}, {"LongLabel": "J\u00e4ger 619 RS: The Summit", "ID": "2097"}, {"LongLabel": "J\u00e4ger 619 RS: Kraken", "ID": "2157"}, {"LongLabel": "J\u00e4ger 619 RS: Storm Warning", "ID": "2277"}, {"LongLabel": "J\u00e4ger 619 RS: Euphoria", "ID": "2278"}, {"LongLabel": "Dominus GT: Callous Bros.", "ID": "2320"}, {"LongLabel": "Mantis: Widow's Web", "ID": "2321"}, {"LongLabel": "Breakout: Stitches", "ID": "2322"}, {"LongLabel": "Dominus: Afterlife", "ID": "2323"}, {"LongLabel": "Octane: Thanatos", "ID": "2325"}, {"LongLabel": "Octane: Turtle Tribe", "ID": "2326"}, {"LongLabel": "Breakout: Chainsaw", "ID": "2336"}, {"LongLabel": "Breakout: 9 Lives", "ID": "2337"}, {"LongLabel": "Breakout: Sneaky Slither", "ID": "2338"}, {"LongLabel": "Dominus GT: Staredown", "ID": "2339"}, {"LongLabel": "Dominus GT: NNTR", "ID": "2340"}, {"LongLabel": "Octane ZSR: Mechaceph", "ID": "2345"}, {"LongLabel": "Octane: Chantico", "ID": "2346"}, {"LongLabel": "Endo: Mummified", "ID": "2363"}, {"LongLabel": "Mantis: Hammerhead", "ID": "2367"}, {"LongLabel": "'70 Dodge Charger R/T: Alameda Twin", "ID": "2374"}, {"LongLabel": "'70 Dodge Charger R/T: Good Graces", "ID": "2375"}, {"LongLabel": "'70 Dodge Charger R/T: Rally", "ID": "2376"}, {"LongLabel": "J\u00e4ger 619 RS: Circuit Pro", "ID": "2378"}, {"LongLabel": "Mantis: Snakeskin", "ID": "2383"}, {"LongLabel": "J\u00e4ger 619 RS: Snakeskin", "ID": "2392"}, {"LongLabel": "'70 Dodge Charger R/T: Sinclair", "ID": "2396"}, {"LongLabel": "'70 Dodge Charger R/T: Wheelman", "ID": "2397"}, {"LongLabel": "'70 Dodge Charger R/T: Flames", "ID": "2398"}, {"LongLabel": "Twisted Tree", "ID": "2403"}, {"LongLabel": "Cold Sweater", "ID": "2440"}, {"LongLabel": "Animus GP: Peacock", "ID": "2458"}, {"LongLabel": "Centio V17: Pollinator", "ID": "2459"}, {"LongLabel": "Centio V17: Machina", "ID": "2460"}, {"LongLabel": "Centio V17: Splashback", "ID": "2461"}, {"LongLabel": "Endo: Polar Force", "ID": "2480"}, {"LongLabel": "'99 Nissan Skyline GT-R R34: Home Stretch", "ID": "2484"}, {"LongLabel": "'99 Nissan Skyline GT-R R34: 2Cool", "ID": "2485"}, {"LongLabel": "Mantis: Cold Front", "ID": "2489"}, {"LongLabel": "'99 Nissan Skyline GT-R R34: Clean Cut", "ID": "2491"}, {"LongLabel": "'99 Nissan Skyline GT-R R34: The Clutch", "ID": "2492"}, {"LongLabel": "'99 Nissan Skyline GT-R R34: 2Bold", "ID": "2493"}, {"LongLabel": "'99 Nissan Skyline GT-R R34: 2Tuff", "ID": "2494"}, {"LongLabel": "Octane: Christmas Tree", "ID": "2495"}, {"LongLabel": "Dominus: Holiday Deco", "ID": "2496"}, {"LongLabel": "Centio V17: Gigapede", "ID": "2498"}, {"LongLabel": "Breakout: Rad Reindeer", "ID": "2500"}, {"LongLabel": "Chameleon", "ID": "2501"}, {"LongLabel": "Leviathan", "ID": "2513"}, {"LongLabel": "Animus GP: Rose King", "ID": "2535"}, {"LongLabel": "Merc: Athena", "ID": "2540"}, {"LongLabel": "Imperator DT5: Windswept", "ID": "2544"}, {"LongLabel": "Imperator DT5: Mosher", "ID": "2547"}, {"LongLabel": "J\u00e4ger 619 RS: Mister Monsoon", "ID": "2548"}, {"LongLabel": "J\u00e4ger 619 RS: Hip-Hop", "ID": "2550"}, {"LongLabel": "J\u00e4ger 619 RS: StarLighter", "ID": "2551"}, {"LongLabel": "J\u00e4ger 619 RS: XVI", "ID": "2581"}, {"LongLabel": "Marauder: XVIII", "ID": "2588"}, {"LongLabel": "Octane: Island King", "ID": "2596"}, {"LongLabel": "Breakout: Froggy", "ID": "2618"}, {"LongLabel": "Triton: Glyphtrix", "ID": "2621"}, {"LongLabel": "Aftershock: Tiger Tiger", "ID": "2625"}, {"LongLabel": "Dominus: Proptosis", "ID": "2627"}, {"LongLabel": "Dominus: Fantasmo", "ID": "2628"}, {"LongLabel": "Octane: Royal Tyrant", "ID": "2629"}, {"LongLabel": "Masamune: Min-Spec", "ID": "2649"}, {"LongLabel": "Octane: Dune Racer", "ID": "2657"}, {"LongLabel": "Road Hog: Sundae", "ID": "2672"}, {"LongLabel": "Breakout: Astaroth", "ID": "2679"}, {"LongLabel": "Breakout: Egged", "ID": "2680"}, {"LongLabel": "Paladin: ShapeRacer", "ID": "2687"}, {"LongLabel": "Dominus: Funny Book", "ID": "2693"}, {"LongLabel": "Storm Watch", "ID": "2694"}, {"LongLabel": "Kaleidoscope", "ID": "2711"}, {"LongLabel": "Octane: Ripped Comic", "ID": "2732"}, {"LongLabel": "The Dark Knight Rises Tumbler: Camo", "ID": "2733"}, {"LongLabel": "X-Devil: Wonder Woman", "ID": "2735"}, {"LongLabel": "Trigon", "ID": "2736"}, {"LongLabel": "Octane: Superman", "ID": "2742"}, {"LongLabel": "Road Hog: Cyborg", "ID": "2743"}, {"LongLabel": "Merc: Green Lantern", "ID": "2744"}, {"LongLabel": "Venom: The Flash", "ID": "2745"}, {"LongLabel": "Paladin: Batman", "ID": "2746"}, {"LongLabel": "Swirls", "ID": "2747"}, {"LongLabel": "Breakout: Aquaman", "ID": "2757"}, {"LongLabel": "Hotshot: Green Arrow", "ID": "2766"}, {"LongLabel": "Dissolver", "ID": "2854"}, {"LongLabel": "Samurai: Flames", "ID": "2886"}, {"LongLabel": "Samurai: Thunderspeck", "ID": "2887"}, {"LongLabel": "Samurai: Star Swash", "ID": "2892"}, {"LongLabel": "Samurai: Stripes", "ID": "2893"}, {"LongLabel": "Samurai: Midnight D", "ID": "2894"}, {"LongLabel": "Samurai: Pegasus", "ID": "2895"}, {"LongLabel": "Twinzer: Motor Monster", "ID": "2942"}, {"LongLabel": "Twinzer: Stripes", "ID": "2944"}, {"LongLabel": "Twinzer: AWD", "ID": "2945"}, {"LongLabel": "Twinzer: Trace Racer", "ID": "2946"}, {"LongLabel": "Twinzer: Radium", "ID": "2947"}, {"LongLabel": "Fire God", "ID": "2966"}, {"LongLabel": "Streamline", "ID": "2967"}, {"LongLabel": "Boo-ya!", "ID": "2968"}, {"LongLabel": "Twinzer: Slimed", "ID": "2989"}, {"LongLabel": "Cyclone: Whiteout", "ID": "3217"}, {"LongLabel": "Cyclone: Bat Boy", "ID": "3219"}, {"LongLabel": "Cyclone: L-ITA 99", "ID": "3231"}, {"LongLabel": "Cyclone: Sliver", "ID": "3232"}, {"LongLabel": "Cyclone: Flames", "ID": "3233"}, {"LongLabel": "Cyclone: Stripes", "ID": "3236"}, {"LongLabel": "Mainframe", "ID": "3239"}], "Wheels": [{"LongLabel": "(Alpha Reward) Goldstone", "ID": "358"}, {"LongLabel": "Tunica", "ID": "359"}, {"LongLabel": "Bender", "ID": "360"}, {"LongLabel": "Lucci", "ID": "361"}, {"LongLabel": "Tomahawk", "ID": "362"}, {"LongLabel": "Dieci", "ID": "363"}, {"LongLabel": "Almas", "ID": "364"}, {"LongLabel": "Stallion", "ID": "365"}, {"LongLabel": "Rat Rod", "ID": "366"}, {"LongLabel": "Trahere", "ID": "367"}, {"LongLabel": "Stern", "ID": "368"}, {"LongLabel": "Lowrider", "ID": "369"}, {"LongLabel": "Neptune", "ID": "370"}, {"LongLabel": "Spyder", "ID": "371"}, {"LongLabel": "Foreman", "ID": "372"}, {"LongLabel": "Veloce", "ID": "373"}, {"LongLabel": "Alchemist", "ID": "374"}, {"LongLabel": "Mountaineer", "ID": "375"}, {"LongLabel": "OEM", "ID": "376"}, {"LongLabel": "Tempest", "ID": "377"}, {"LongLabel": "Octavian", "ID": "379"}, {"LongLabel": "Invader", "ID": "380"}, {"LongLabel": "Vortex", "ID": "381"}, {"LongLabel": "Falco", "ID": "382"}, {"LongLabel": "Sunburst", "ID": "383"}, {"LongLabel": "Cristiano", "ID": "386"}, {"LongLabel": "Spinner", "ID": "388"}, {"LongLabel": "Photon", "ID": "517"}, {"LongLabel": "Zippy", "ID": "518"}, {"LongLabel": "Servergate", "ID": "519"}, {"LongLabel": "Scarab", "ID": "540"}, {"LongLabel": "Carriage", "ID": "549"}, {"LongLabel": "DeLorean Time Machine", "ID": "609"}, {"LongLabel": "Grog", "ID": "613"}, {"LongLabel": "Ripper", "ID": "690"}, {"LongLabel": "Voltaic", "ID": "731"}, {"LongLabel": "Zeta", "ID": "793"}, {"LongLabel": "Esper", "ID": "797"}, {"LongLabel": "Lobo", "ID": "818"}, {"LongLabel": "Pulsus", "ID": "819"}, {"LongLabel": "Looper", "ID": "820"}, {"LongLabel": "Discotheque", "ID": "822"}, {"LongLabel": "Equalizer", "ID": "825"}, {"LongLabel": "'16 Batmobile", "ID": "874"}, {"LongLabel": "Masamune", "ID": "1177"}, {"LongLabel": "Aftershock", "ID": "1315"}, {"LongLabel": "Marauder", "ID": "1343"}, {"LongLabel": "Chakram", "ID": "1423"}, {"LongLabel": "Proteus", "ID": "1474"}, {"LongLabel": "Triton", "ID": "1480"}, {"LongLabel": "Troika", "ID": "1502"}, {"LongLabel": "Asterias", "ID": "1506"}, {"LongLabel": "FSL", "ID": "1564"}, {"LongLabel": "Spiralis", "ID": "1565"}, {"LongLabel": "Zomba", "ID": "1580"}, {"LongLabel": "ARA-51", "ID": "1581"}, {"LongLabel": "Vulcan", "ID": "1583"}, {"LongLabel": "Chrono", "ID": "1604"}, {"LongLabel": "Roulette", "ID": "1625"}, {"LongLabel": "Kalos", "ID": "1627"}, {"LongLabel": "WW5SP", "ID": "1652"}, {"LongLabel": "FGSP", "ID": "1655"}, {"LongLabel": "Septem", "ID": "1656"}, {"LongLabel": "OH5", "ID": "1657"}, {"LongLabel": "Draco", "ID": "1661"}, {"LongLabel": "K2", "ID": "1667"}, {"LongLabel": "ZT-17", "ID": "1674"}, {"LongLabel": "Apex", "ID": "1713"}, {"LongLabel": "Ninja", "ID": "1714"}, {"LongLabel": "Ice Charger", "ID": "1728"}, {"LongLabel": "Season 3 - Prospect", "ID": "1729"}, {"LongLabel": "Season 3 - Challenger", "ID": "1730"}, {"LongLabel": "Season 3 - Star", "ID": "1731"}, {"LongLabel": "Season 3 - Champion", "ID": "1732"}, {"LongLabel": "Fireplug", "ID": "1767"}, {"LongLabel": "Gearlock", "ID": "1776"}, {"LongLabel": "Quimby", "ID": "1777"}, {"LongLabel": "Triplex", "ID": "1784"}, {"LongLabel": "Revenant", "ID": "1875"}, {"LongLabel": "GA-819 HB", "ID": "1881"}, {"LongLabel": "Turbine", "ID": "1929"}, {"LongLabel": "Hikari P5", "ID": "1931"}, {"LongLabel": "Hiro", "ID": "1943"}, {"LongLabel": "SLK", "ID": "1945"}, {"LongLabel": "Sanchez DC-137", "ID": "1946"}, {"LongLabel": "Yuzo", "ID": "1950"}, {"LongLabel": "Gaiden", "ID": "1975"}, {"LongLabel": "Nipper", "ID": "1976"}, {"LongLabel": "Masato", "ID": "1981"}, {"LongLabel": "Decennium Pro", "ID": "2022"}, {"LongLabel": "Clockwork", "ID": "2059"}, {"LongLabel": "Doughnut", "ID": "2060"}, {"LongLabel": "Saptarishi", "ID": "2254"}, {"LongLabel": "Cauldron", "ID": "2401"}, {"LongLabel": "Peppermint", "ID": "2441"}, {"LongLabel": "'99 Nissan Skyline GT-R R34", "ID": "2472"}, {"LongLabel": "Christmas Wreath", "ID": "2481"}, {"LongLabel": "Grimalkin", "ID": "2488"}, {"LongLabel": "Wonderment", "ID": "2532"}, {"LongLabel": "Z-Plate", "ID": "2554"}, {"LongLabel": "'70 Dodge Charger R/T", "ID": "2606"}, {"LongLabel": "Infinium", "ID": "2614"}, {"LongLabel": "The Flash", "ID": "2661"}, {"LongLabel": "Sovereign Pro", "ID": "2664"}, {"LongLabel": "Lustrum X10", "ID": "2696"}, {"LongLabel": "Aether", "ID": "2698"}, {"LongLabel": "Illuminata", "ID": "2703"}, {"LongLabel": "Season 6 - Bronze", "ID": "2715"}, {"LongLabel": "Season 6 - Silver", "ID": "2716"}, {"LongLabel": "Season 6 - Gold", "ID": "2717"}, {"LongLabel": "Season 6 - Platinum", "ID": "2718"}, {"LongLabel": "Season 6 - Diamond", "ID": "2719"}, {"LongLabel": "Season 6 - Champion", "ID": "2720"}, {"LongLabel": "Razzle", "ID": "2723"}, {"LongLabel": "'89 Batmobile", "ID": "2725"}, {"LongLabel": "Balla-Carr\u00e0", "ID": "2729"}, {"LongLabel": "The Dark Knight Rises Tumbler", "ID": "2738"}, {"LongLabel": "REEVRB", "ID": "2758"}, {"LongLabel": "Diomedes", "ID": "2767"}, {"LongLabel": "Wonder Woman", "ID": "2776"}, {"LongLabel": "Kyrios", "ID": "2778"}, {"LongLabel": "The Flash", "ID": "2796"}, {"LongLabel": "Reaper", "ID": "2819"}, {"LongLabel": "Hypnotik", "ID": "2827"}, {"LongLabel": "WWE", "ID": "2896"}, {"LongLabel": "Cruxe", "ID": "2918"}, {"LongLabel": "Mothership Pro", "ID": "2926"}, {"LongLabel": "Santa Fe", "ID": "2935"}, {"LongLabel": "Jurassic Jeep\u00ae Wrangler", "ID": "2955"}, {"LongLabel": "Sovereign A/T", "ID": "2956"}, {"LongLabel": "Centro", "ID": "2971"}, {"LongLabel": "Dynamo", "ID": "2972"}, {"LongLabel": "SARPBC-10", "ID": "2985"}, {"LongLabel": "Psyonix", "ID": "3000"}, {"LongLabel": "Libertine", "ID": "3001"}, {"LongLabel": "Thread-X2", "ID": "3072"}, {"LongLabel": "Reactor", "ID": "3079"}], "Engine Audio": [{"LongLabel": "Aftershock", "ID": "1786"}, {"LongLabel": "Esper", "ID": "1787"}, {"LongLabel": "Armadillo", "ID": "1788"}, {"LongLabel": "Bone Shaker", "ID": "1789"}, {"LongLabel": "Breakout Type-S", "ID": "1790"}, {"LongLabel": "Breakout Type-S v2", "ID": "1791"}, {"LongLabel": "Triton", "ID": "1792"}, {"LongLabel": "OEM-A", "ID": "1793"}, {"LongLabel": "OEM-A v2", "ID": "1794"}, {"LongLabel": "OEM-D", "ID": "1795"}, {"LongLabel": "OEM-D v2", "ID": "1796"}, {"LongLabel": "OEM-C", "ID": "1797"}, {"LongLabel": "OEM-C v2", "ID": "1798"}, {"LongLabel": "OEM-B", "ID": "1799"}, {"LongLabel": "OEM-B v2", "ID": "1800"}, {"LongLabel": "'16 Batmobile", "ID": "1801"}, {"LongLabel": "Dominus GT", "ID": "1802"}, {"LongLabel": "Dominus GT v2", "ID": "1803"}, {"LongLabel": "Endo", "ID": "1804"}, {"LongLabel": "Animus GP", "ID": "1805"}, {"LongLabel": "Mantis", "ID": "1806"}, {"LongLabel": "Vulcan", "ID": "1807"}, {"LongLabel": "DeLorean Time Machine", "ID": "1808"}, {"LongLabel": "Grog", "ID": "1809"}, {"LongLabel": "Ice Charger", "ID": "1810"}, {"LongLabel": "Centio V17", "ID": "1811"}, {"LongLabel": "Marauder", "ID": "1812"}, {"LongLabel": "Masamune", "ID": "1813"}, {"LongLabel": "Proteus", "ID": "1814"}, {"LongLabel": "Octane ZSR", "ID": "1815"}, {"LongLabel": "Octane ZSR v2", "ID": "1816"}, {"LongLabel": "Road Hog XL", "ID": "1817"}, {"LongLabel": "Sweet Tooth", "ID": "1818"}, {"LongLabel": "Takumi RX-T", "ID": "1819"}, {"LongLabel": "Takumi RX-T v2", "ID": "1820"}, {"LongLabel": "Twin Mill III", "ID": "1821"}, {"LongLabel": "HogSticker", "ID": "1822"}, {"LongLabel": "X-Devil Mk2", "ID": "1823"}, {"LongLabel": "X-Devil Mk2 v2", "ID": "1824"}, {"LongLabel": "Triton v2", "ID": "1834"}, {"LongLabel": "Proteus v2", "ID": "1836"}, {"LongLabel": "Marauder v2", "ID": "1837"}, {"LongLabel": "Takumi", "ID": "1838"}, {"LongLabel": "Road Hog XL v2", "ID": "1842"}, {"LongLabel": "Dominus", "ID": "1845"}, {"LongLabel": "Ripper", "ID": "1849"}, {"LongLabel": "Scarab", "ID": "1850"}, {"LongLabel": "Zippy", "ID": "1861"}, {"LongLabel": "J\u00e4ger 619 RS", "ID": "1869"}, {"LongLabel": "Werewolf", "ID": "1870"}, {"LongLabel": "Aftershock v2", "ID": "1873"}, {"LongLabel": "Imperator DT5", "ID": "1909"}, {"LongLabel": "Samurai", "ID": "1961"}, {"LongLabel": "'70 Dodge Charger R/T", "ID": "2373"}, {"LongLabel": "'99 Nissan Skyline GT-R R34", "ID": "2490"}, {"LongLabel": "The Dark Knight Rises Tumbler", "ID": "2768"}, {"LongLabel": "'89 Batmobile", "ID": "2769"}, {"LongLabel": "Jurassic Jeep\u00ae Wrangler", "ID": "2927"}, {"LongLabel": "Twinzer", "ID": "2999"}, {"LongLabel": "Cyclone", "ID": "3091"}], "Trail": [{"LongLabel": "Lightspeed", "ID": "1898"}, {"LongLabel": "Blazer", "ID": "1899"}, {"LongLabel": "Friction", "ID": "1900"}, {"LongLabel": "Classic", "ID": "1948"}, {"LongLabel": "'16 Batmobile", "ID": "1964"}, {"LongLabel": "DeLorean Time Machine", "ID": "1966"}, {"LongLabel": "Lightning", "ID": "1974"}, {"LongLabel": "Season 4 - Bronze", "ID": "1996"}, {"LongLabel": "Season 4 - Silver", "ID": "1997"}, {"LongLabel": "Season 4 - Gold", "ID": "1998"}, {"LongLabel": "Season 4 - Platinum", "ID": "1999"}, {"LongLabel": "Season 4 - Diamond", "ID": "2000"}, {"LongLabel": "Season 4 - Champion", "ID": "2001"}, {"LongLabel": "Hot Rocks", "ID": "2047"}, {"LongLabel": "Hallowtide", "ID": "2357"}, {"LongLabel": "Zigzag", "ID": "2359"}, {"LongLabel": "Candy Cane", "ID": "2400"}, {"LongLabel": "Luminous", "ID": "2695"}, {"LongLabel": "EQ", "ID": "2704"}, {"LongLabel": "Rainbow", "ID": "2737"}, {"LongLabel": "The Dark Knight Rises Tumbler", "ID": "2777"}, {"LongLabel": "'89 Batmobile", "ID": "2779"}, {"LongLabel": "EKG-OMG", "ID": "2850"}, {"LongLabel": "Toon Hydro", "ID": "2925"}, {"LongLabel": "Binary", "ID": "3220"}], "Goal Explosion": [{"LongLabel": "Classic", "ID": "1903"}, {"LongLabel": "Electroshock", "ID": "1904"}, {"LongLabel": "Fireworks", "ID": "1905"}, {"LongLabel": "Sub-Zero", "ID": "1907"}, {"LongLabel": "Hellfire", "ID": "1908"}, {"LongLabel": "Standard Green", "ID": "1969"}, {"LongLabel": "Standard Orange", "ID": "1970"}, {"LongLabel": "Standard Pink", "ID": "1971"}, {"LongLabel": "Standard Purple", "ID": "1972"}, {"LongLabel": "Vampire Bat", "ID": "2023"}, {"LongLabel": "Party Time", "ID": "2027"}, {"LongLabel": "Dueling Dragons", "ID": "2044"}, {"LongLabel": "Popcorn", "ID": "2329"}, {"LongLabel": "Poly Pop", "ID": "2349"}, {"LongLabel": "Reaper", "ID": "2355"}, {"LongLabel": "Happy Holidays", "ID": "2482"}, {"LongLabel": "Batman", "ID": "2586"}, {"LongLabel": "Butterflies", "ID": "2700"}, {"LongLabel": "Toon", "ID": "2702"}, {"LongLabel": "Ballistic", "ID": "2791"}, {"LongLabel": "Atomizer", "ID": "2817"}, {"LongLabel": "Juiced", "ID": "2915"}, {"LongLabel": "Beach Party", "ID": "2922"}, {"LongLabel": "T. rex", "ID": "2975"}, {"LongLabel": "Striker", "ID": "3018"}, {"LongLabel": "Striker Pro", "ID": "3019"}, {"LongLabel": "Striker Legend", "ID": "3020"}, {"LongLabel": "Singularity", "ID": "3071"}]}